Kabupaten/Kota,Tahun,APS,Penduduk Miskin,Kepadatan Penduduk,IPM,Rasio Murid-Guru,PDRB per Kapita,UMR,TPT,RataRataLamaSekolah
Bandung,2018,0.11,246.1,2103,71.75,23,30394,2678028.98,5.07,8.58
Bandung,2019,0.14,223.2,2135,72.41,19,33526,2893074.71,5.51,8.79
Bandung,2020,0.06,263.6,2050,72.39,21,34206,3139275.37,8.58,8.96
Bandung,2021,0.09,269.2,2071,72.73,23,35589,3241929.67,8.32,9.07
Bandung Barat,2018,0.25,169,1289,67.46,20,26019,2683277.45,8.55,7.97
Bandung Barat,2019,0.27,159,1302,68.27,19,28209,2898744.63,8.24,8.18
Bandung Barat,2020,0.35,179.5,1970,68.08,19,26088,3145427.79,12.25,8.19
Bandung Barat,2021,0.12,190.8,1389,68.29,22,26879,3248283.28,11.65,8.2
Bangkalan,2018,0.98,191.33,978,62.87,19,24361,1663975.05,5.09,5.33
Bangkalan,2019,1.13,186.11,985,63.79,19,24978,1801406.09,5.62,5.66
Bangkalan,2020,0.29,204,1059,64.11,18,22038,1954705.75,8.77,5.95
Bangkalan,2021,0.34,215.97,1070,64.36,16,23014,1954705.75,8.07,5.96
Banjarnegara,2018,0.06,141.72,858,66.54,16,21857,1490000,3.99,6.28
Banjarnegara,2019,0.14,136.1,902,67.34,17,23511,1610000,4.44,6.5
Banjarnegara,2020,0.15,144.95,994,67.45,16,21376,1748000,5.86,6.74
Banjarnegara,2021,,150.19,1003.06,67.86,17,22231,1805000,5.86,6.75
Bantul,2018,0.18,134.84,1986,79.45,14,24287.59,1572150,2.72,9.35
Bantul,2019,0.16,131.15,2009,80.01,13,25725,1649800,3.06,9.54
Bantul,2020,0.04,138.66,1945,80.01,13,26581,1790500,4.06,9.55
Bantul,2021,0.02,146.98,1970,80.28,15,28129,1805000,4.04,9.57
Banyumas,2018,0.06,226.23,1265,71.3,18,29716,1589000,4.15,7.41
Banyumas,2019,0.25,211.65,1268,71.96,18,32016,1750000,4.17,7.42
Banyumas,2020,0.04,225.84,1331,71.98,17,30279,1900000,6,7.52
Banyumas,2021,0.04,232.91,1340.25,72.44,19,31805,1970000,6.05,7.63
Banyuwangi,2018,0.11,125.5,278,70.06,18,48359,1881680.41,3.59,7.12
Banyuwangi,2019,0.43,121.37,279,70.6,17,51788,2132779.35,3.95,7.13
Banyuwangi,2020,0.02,130.37,295,70.62,16,47567,2314278.87,5.34,7.16
Banyuwangi,2021,0.02,130.93,297,71.38,16,49996,2314278.87,5.42,7.42
Batang,2018,0.18,66.08,966,67.86,17,26471,1749900,4.2,6.62
Batang,2019,0.08,64.07,975,68.42,14,28218,1900000,4.11,6.63
Batang,2020,0.02,70.57,1017,68.65,14,27024,2061700,6.92,6.87
Batang,2021,0.02,74.91,1023.27,68.92,16,28656,2129117,6.59,6.88
Bekasi,2018,0.1,157.2,2964,73.49,21,84155,3837939.63,9.74,8.84
Bekasi,2019,0.3,149.4,3073,73.99,17,88370,4146126.18,9,8.84
Bekasi,2020,0.03,186.3,2541,74.07,19,102466,4498961.51,11.54,9.12
Bekasi,2021,0.03,202.7,2578,74.45,21,107801,4791843.9,10.09,9.3
Blitar,2018,0.27,112.4,866,69.93,17,29475,1653383.98,3.38,7.27
Blitar,2019,0.29,103.75,868,70.57,18,31388,1801406.09,3.05,7.29
Blitar,2020,0.02,108.55,916,70.58,17,29490,1954705.75,3.82,7.39
Blitar,2021,0.07,112.62,921,71.05,17,30722,2004705.75,3.66,7.5
Blora,2018,0.08,102.5,480,67.95,17,28571,1564000,3.3,6.46
Blora,2019,0.3,97.86,479,68.65,17,30159,1690000,3.82,6.58
Blora,2020,,103.73,490,68.84,15,27169,1834000,4.89,6.83
Blora,2021,,107.05,491.05,69.37,16,30424,1894000,3.81,6.99
Bogor,2018,0.14,415,2155,69.69,22,37535,3483667.39,9.83,7.88
Bogor,2019,0.18,395,2201,70.65,19,40389,3763405.88,9.11,8.29
Bogor,2020,0.12,465.7,2002,70.4,20,43598,4083670,14.29,8.3
Bogor,2021,0.21,491.2,2025,70.6,22,45347,4217206,12.22,8.31
Bojonegoro,2018,0.25,163.94,567,67.85,17,58727,1720460.77,4.11,6.77
Bojonegoro,2019,0.47,154.64,568,68.75,17,62446,1858613.77,3.56,7.09
Bojonegoro,2020,0.03,161.1,592,69.04,17,54048,2016781.80,4.92,7.33
Bojonegoro,2021,0.04,166.52,595,69.59,16,63811,2066781.80,4.82,7.38
Bondowoso,2018,0.8,110.98,506,65.27,16,23948,1667505.41,3.84,5.62
Bondowoso,2019,0.81,103.33,508,66.09,15,25584,1801406.09,2.86,5.71
Bondowoso,2020,0.23,110.24,509,66.43,15,25706,1954705.75,4.13,5.93
Bondowoso,2021,0.06,115.18,510,66.59,14,27041,1954705.75,4.46,5.94
Boyolali,2018,0.05,98.23,965,73.22,17,30883,1651650,2.18,7.55
Boyolali,2019,0.36,93.75,977,73.8,18,33330,1790000,3.09,7.56
Boyolali,2020,0.04,100.59,1054,74.25,16,30835,1942500,5.28,7.84
Boyolali,2021,0.05,104.82,1061.28,74.4,18,32615,2000000,5.09,7.85
Brebes,2018,0.09,309.17,1088,65.68,20,23837,1542000,7.2,6.19
Brebes,2019,1.18,293.18,951,66.12,20,25653,1665850,7.39,6.2
Brebes,2020,0.06,308.78,1040,66.11,18,23842,1807614,9.83,6.21
Brebes,2021,,314.95,1047.47,66.32,20,24559,1866723,9.78,6.22
Ciamis,2018,0.09,85.7,840,69.63,16,24474,1604334.37,4.64,7.6
Ciamis,2019,0.48,79.4,845,70.39,15,26273,1733162.42,5.16,7.69
Ciamis,2020,0.01,91.4,869,70.49,17,26048,1880654.54,5.66,7.7
Ciamis,2021,0.09,96.6,875,70.93,18,27218,1880654.54,5.06,7.9
Cianjur,2018,0.87,221.6,589,64.62,21,19009,2162366.91,10.23,6.93
Cianjur,2019,0.65,207.1,589,65.38,20,20373,2336004.97,9.81,6.97
Cianjur,2020,0.43,234.5,645,65.36,20,19239,2534798.99,11.05,7.18
Cianjur,2021,0.28,260,653,65.56,23,20002,2534798.99,9.32,7.19
Cilacap,2018,0.13,193.18,804,69.56,16,63797,1841209,7.49,6.92
Cilacap,2019,0.34,185.18,813,69.98,16,66393,1989058.08,7.24,6.93
Cilacap,2020,0.06,198.60,915,69.95,15,54235,2158327,9.1,6.97
Cilacap,2021,0.05,201.71,924.38,70.42,17,56147,2228904,9.97,7.09
Cirebon,2018,0.12,232.4,2210,68.05,19,20908,1873701.81,10.64,6.62
Cirebon,2019,0.54,217.6,2227,68.69,15,22506,2024160.07,10.35,6.71
Cirebon,2020,0.28,247.9,2306,68.75,17,21869,2196416.09,11.52,6.92
Cirebon,2021,0.07,271,2327,69.12,19,22833,2269556.75,10.38,7.1
Demak,2018,0.45,144.12,1283,71.26,20,21210,2065490,7.03,7.48
Demak,2019,0.75,137.6,1292,71.87,20,22623,2240000,5.42,7.55
Demak,2020,0.04,146.87,1338,72.22,17,22097,2432000,7.31,7.71
Demak,2021,0.05,151.74,1346.91,72.57,17,22804,2511526,5.28,7.86
Garut,2018,0.41,241.3,848,65.42,18,20349,1672947.97,7.12,7.5
Garut,2019,0.45,235.2,853,66.22,16,22116,1807285.69,7.35,7.51
Garut,2020,0.21,262.8,841,66.12,19,22480,1961085.7,8.95,7.52
Garut,2021,0.17,281.4,847,66.45,21,23356,1961085.7,8.68,7.53
Gresik,2018,0.29,154.02,1090,75.28,17,100252,3580370.64,5.71,8.96
Gresik,2019,0.32,148.61,1102,76.1,18,105676,3867874.4,5.4,9.92
Gresik,2020,0.03,164.05,1101,76.11,17,102623,4197030.51,8.21,9.3
Gresik,2021,0.06,166.35,1109,76.5,16,109373,4297030.51,8,9.56
Grobogan,2018,0.16,168.7,694,69.32,20,18524,1560000,2.22,6.67
Grobogan,2019,0.22,161.92,684,69.86,21,19891,1685500,3.54,6.86
Grobogan,2020,0.02,172.26,722,69.87,19,18789,1830000,4.5,6.91
Grobogan,2021,0.02,175.72,725.41,70.41,19,19725,1890000,4.38,7.11
Gunungkidul,2018,0.02,125.76,496,69.24,13,23808.04,1454200,2.07,7
Gunungkidul,2019,0.38,123.08,500,69.96,11,25152,1571000,1.92,7.13
Gunungkidul,2020,,127.61,503,69.98,11,25446,1705000,2.16,7.21
Gunungkidul,2021,0.02,135.33,510,70.16,13,26931,1842460,2.2,7.3
Indramayu,2018,0.27,204.2,843,66.36,16,43579,1960301.47,8.46,5.98
Indramayu,2019,0.38,191.9,847,66.97,13,46279,2117713.68,8.35,5.99
Indramayu,2020,0.21,220.3,899,67.29,16,43308,2297931.11,9.21,6.3
Indramayu,2021,0.12,228.6,907,67.64,18,44072,2373073.46,8.3,6.52
Jakarta Barat,2018,0.02,86.42,19757,80.88,15,155171,3648035.82,5,10.38
Jakarta Barat,2019,0.11,84.02,20813,81.21,14,181610,3940973.096,5.21,10.4
Jakarta Barat,2020,0.56,110.9,19564,81.38,14,192976,4276349.906,12.27,10.63
Jakarta Barat,2021,0.3,113.37,19608,81.76,15,202371,4416186.548,9.06,10.78
Jakarta Pusat,2018,0.02,33.19,19212,81.01,16,631358,3648035.82,6.64,11.24
Jakarta Pusat,2019,0.07,34.13,17719,81.24,15,769828,3940973.096,7.51,11.25
Jakarta Pusat,2020,0.6,41.92,20177,81.39,15,665830,4276349.906,10.97,11.38
Jakarta Pusat,2021,0.23,45.1,20360,81.56,16,682994,4416186.548,7.75,11.39
Jakarta Selatan,2018,0.01,63.38,15900,84.44,16,239134,3648035.82,6.31,11.57
Jakarta Selatan,2019,0.1,61.76,14675,84.75,15,283970,3940973.096,6.84,11.62
Jakarta Selatan,2020,0.61,78.09,14430,84.72,15,289570,4276349.906,10.79,11.63
Jakarta Selatan,2021,0.12,81.5,14475,84.9,16,299331,4416186.548,7.33,11.64
Jakarta Timur,2018,0.05,91.38,15508,82.06,17,143358,3648035.82,6.67,11.64
Jakarta Timur,2019,0.06,91.61,16080,82.69,15,168094,3940973.096,6.15,11.65
Jakarta Timur,2020,1.45,122.73,16624,82.66,15,155287,4276349.906,9.29,11.66
Jakarta Timur,2021,0.31,125.37,16729,82.97,17,163795,4416186.548,8.23,11.67
Jakarta Utara,2018,0.04,95.86,12255,79.87,16,250328,3648035.82,7.01,10.69
Jakarta Utara,2019,0.08,91.09,12950,80.17,14,288449,3940973.096,6.32,10.7
Jakarta Utara,2020,0.49,123.59,12708,80.29,14,279768,4276349.906,11.79,10.8
Jakarta Utara,2021,0.21,132.73,12749,80.51,16,300342,4416186.548,9.84,10.81
Jember,2018,0.12,243.42,789,65.96,21,29505,1916983.99,4.01,6.07
Jember,2019,0.49,226.57,792,66.69,20,31498,2170917.8,3.69,6.18
Jember,2020,0.1,247.99,820,67.11,19,30023,2355662.91,5.12,6.48
Jember,2021,0.12,257.09,825,67.32,19,31787,2355662.91,5.44,6.49
Jepara,2018,0.13,86.54,1235,71.38,19,22567,1739360,3.75,7.43
Jepara,2019,0.54,83.47,1188,71.88,20,24144,1879031,2.92,7.44
Jepara,2020,0.03,91.14,1119,71.99,17,25487,2040000,6.7,7.68
Jepara,2021,0.06,95.22,1122.03,72.36,18,26963,2107000,4.23,7.79
Jombang,2018,0.15,120.19,1129,71.86,18,30097,2264135.78,4.56,8.21
Jombang,2019,0.21,116.44,1133,72.85,17,32005,2445945.88,4.28,8.53
Jombang,2020,0.05,125.94,1182,72.97,16,30303,2654095.88,7.48,8.54
Jombang,2021,0.05,127.3,1189,73.45,16,31486,2654095.88,7.09,8.55
Kab Lebak,2018,0.2,108.81,378,63.37,20,20530,2312384,7.57,6.21
Kab Lebak,2019,0.26,107.93,380,63.88,20,22097,2498068,7.96,6.31
Kab Lebak,2020,0.09,120.83,405,63.91,20,21013,2710654,9.63,6.4
Kab Lebak,2021,0.16,134.75,411,64.03,19,21781,2751314,7.86,6.41
Kab Pandeglang,2018,0.42,116.16,440,64.34,18,21657,2363549,8.19,6.72
Kab Pandeglang,2019,0.64,114.09,441,64.91,20,22919,2542539,8.67,6.96
Kab Pandeglang,2020,0.18,120.44,463,65,19,22380,2758909,9.15,7.1
Kab Pandeglang,2021,0.08,131.43,469,65.17,19,23125,2800293,7.7,7.11
Kab Serang,2018,0.98,64.46,866,65.93,18,47633,3542714,12.63,7.18
Kab Serang,2019,0.83,61.54,870,66.38,18,51095,3827193,10.58,7.33
Kab Serang,2020,0.27,74.8,936,66.7,18,47133,5152887,12.22,7.5
Kab Serang,2021,0.54,83.09,950,66.82,18,48832,4215181,10.58,7.51
Kab Tangerang,2018,0.16,190.05,3649,71.59,22,35158,3555835,9.63,8.27
Kab Tangerang,2019,0.3,193.97,3756,71.93,20,37974,3841368,8.92,8.28
Kab Tangerang,2020,0.09,242.16,3208,71.92,20,41966,4168268,13.06,8.39
Kab Tangerang,2021,0.22,272.35,3255,72.29,21,44089,4230793,9.06,8.61
Karanganyar,2018,0.01,87.79,1138,75.54,18,39046,1696000,2.28,8.51
Karanganyar,2019,0.09,84.46,1143,75.89,18,41944,1833000,3.12,8.52
Karanganyar,2020,,91.72,1202,75.86,16,39818,1989000,5.96,8.56
Karanganyar,2021,,95.41,1210.68,75.99,17,41711,2054040,5.89,8.57
Karawang,2018,0.1,188,1414,69.89,25,92272,3919291.19,9.12,7.35
Karawang,2019,0.08,173.7,1425,70.86,20,98626,4234010.27,9.68,7.65
Karawang,2020,0.24,195.4,1476,70.66,20,92130,4594324.54,11.52,7.77
Karawang,2021,0.03,210.8,1494,70.94,20,98726,"4,798,312",11.83,7.78
Kebumen,2018,0.03,208.66,932,68.8,17,21787,1560000,5.48,7.34
Kebumen,2019,0.25,201.34,989,69.6,17,23437,1686000,4.69,7.53
Kebumen,2020,0.04,211.09,1114,69.81,16,20801,1835000,6.07,7.54
Kebumen,2021,0.01,212.92,1123.93,70.05,18,21707,1895000,6.03,7.55
Kediri,2018,0.13,177.2,1131,71.07,18,24608,1713400.05,4.15,7.68
Kediri,2019,0.18,163.95,1136,71.85,20,26152,1850986.07,3.58,8.01
Kediri,2020,0.02,179.93,1180,72.05,19,24885,2008504.99,5.24,8.02
Kediri,2021,0.06,184.49,1186,72.56,19,25961,2033504.99,5.15,8.08
Kendal,2018,0.12,94.7,962,71.28,18,41021,1929458,6.02,7.05
Kendal,2019,0.94,91.2,868,71.97,18,44034,2084393.48,6.26,7.25
Kendal,2020,0.12,97.49,911,72.29,16,41895,2261775,7.56,7.45
Kendal,2021,0.07,100.00,916.73,72.5,17,44062,2335735,7.55,7.46
Kep Seribu,2018,,2.88,2774,70.91,17,301306,3648035.82,5.33,8.46
Kep Seribu,2019,,2.93,2387,71.4,16,317724,3940973.096,5.44,8.47
Kep Seribu,2020,,3.63,2726,71.63,17,234079,4276349.906,7.37,8.68
Kep Seribu,2021,,3.86,2774,72.1,17,292215,4416186.548,8.58,8.81
Klaten,2018,0.14,151.73,1787,74.79,16,31581,1661632.35,3.14,8.24
Klaten,2019,0.39,144.14,1785,75.29,17,34008,1795061.43,3.54,8.31
Klaten,2020,0.06,151.83,1915,75.56,16,31742,1947821.16,5.46,8.58
Klaten,2021,,158.23,1925.3,76.12,18,33375,2011515,5.48,8.81
Kota Bandung,2018,0.03,89.4,14932,81.06,16,105601,3091345.56,8.05,10.63
Kota Bandung,2019,0.04,84.7,14957,81.62,13,113177,3339580.61,8.18,10.74
Kota Bandung,2020,0.02,100,14557,81.51,15,116056,3623778.91,11.19,10.75
Kota Bandung,2021,0.02,112.5,14630,81.96,17,121126,3742276.48,11.46,10.99
Kota Banjar,2018,,10.4,1611,71.25,17,22463,1562730.28,5.95,8.6
Kota Banjar,2019,0.03,10.1,1613,71.75,15,23508,1688217.52,6.16,8.62
Kota Banjar,2020,0.03,11.2,1771,71.7,17,22189,1831884.83,6.73,8.63
Kota Banjar,2021,0.03,13.4,1792,71.92,17,23003,1831884.83,6.09,8.77
Kota Batu,2018,0.08,7.98,1507,75.04,15,76005,2384167.93,3.07,8.77
Kota Batu,2019,0.1,7.89,1517,75.88,16,81461,2575616.61,2.42,9.06
Kota Batu,2020,0.07,8.12,1558,75.9,17,74884,2794801.59,5.93,9.07
Kota Batu,2021,0.02,8.63,1570,76.28,17,78458,2819801.59,6.57,9.31
Kota Bekasi,2018,0.02,119.8,14190,81.04,18,31031,3915353.71,9.14,11.09
Kota Bekasi,2019,0.04,113.7,14539,81.59,15,33330,4229756.61,8.3,11.1
Kota Bekasi,2020,0.02,134,12311,81.5,17,38000,4589708.9,10.68,11.16
Kota Bekasi,2021,0.26,144.1,12414,81.95,19,39529,"4,782,935.64",10.88,11.31
Kota Blitar,2018,,10.47,4329,77.58,17,44702,1640439.34,3.98,9.9
Kota Blitar,2019,0.15,10.1,4356,78.56,17,47841,1801406.09,4.54,10.1
Kota Blitar,2020,0.02,11.1,4579,78.57,16,45090,1954705.75,6.68,10.11
Kota Blitar,2021,,11.33,4617,78.98,17,47307,2004705.75,6.61,10.35
Kota Bogor,2018,0.3,64.9,9256,75.66,16,38530,3557146.66,9.74,10.3
Kota Bogor,2019,0.04,64,9385,76.23,13,42403,3842785.54,9.16,10.32
Kota Bogor,2020,0.14,75,8802,76.11,16,44101,4169806.58,12.68,10.33
Kota Bogor,2021,0.01,80.1,8881,76.59,18,45920,4169806.58,11.79,10.53
Kota Cilegon,2018,0.25,13.96,2458,72.65,13,224690,3622215,9.21,9.73
Kota Cilegon,2019,0.27,13.2,2491,73.01,13,238196,3913078,9.64,9.74
Kota Cilegon,2020,0.03,16.31,2478,73.05,12,237880,4246081,12.69,9.87
Kota Cilegon,2021,0.03,18.89,2517,73.35,13,250327,4309773,10.13,10.08
Kota Cimahi,2018,0.01,29.9,15478,77.56,17,48107,2678028.45,8,10.94
Kota Cimahi,2019,0.08,26.9,15643,78.11,14,54268,2893074.13,8.09,10.95
Kota Cimahi,2020,0.07,31.6,14474,77.83,17,56715,3139274.74,13.3,10.96
Kota Cimahi,2021,,32.5,14556,78.06,19,59929,3241929,13.07,11.08
Kota Cirebon,2018,0.07,28,8466,74.35,17,68419,1893383.54,9.07,9.89
Kota Cirebon,2019,0.2,26.8,8547,74.92,13,74398,2045422.24,9.04,9.9
Kota Cirebon,2020,0.05,30.6,8921,74.89,16,70472,2219487.67,10.97,9.91
Kota Cirebon,2021,0.02,32,9017,75.25,18,72714,2271201.73,10.53,10.12
Kota Depok,2018,0.2,49.4,11635,80.29,22,27620,3584700.29,6.66,10.85
Kota Depok,2019,0.04,49.4,12017,80.82,18,30079,3872551.72,6.12,11
Kota Depok,2020,0.06,60.4,10267,80.97,19,34356,4202105.87,9.87,11.28
Kota Depok,2021,0.09,63.9,10415,81.37,22,35655,4339514.73,9.76,11.46
Kota Kediri,2018,0.08,21.9,4511,77.58,18,447216,1758117.91,3.56,9.91
Kota Kediri,2019,0.18,20.54,4533,78.08,19,483982,1899294.78,4.15,9.92
Kota Kediri,2020,0.04,22.19,4524,78.23,18,462199,2060924.76,6.21,9.93
Kota Kediri,2021,0.06,22.55,4542,78.6,18,491270,2085924.76,6.37,10.15
Kota Madiun,2018,0.02,7.92,5218,80.33,14,74302,1640439.34,3.8,11.11
Kota Madiun,2019,0.15,7.69,5218,80.88,15,79654,1801406.09,3.96,11.13
Kota Madiun,2020,0.09,8.83,5754,80.91,15,70745,1954705.75,8.32,11.14
Kota Madiun,2021,,9.06,5805,81.25,15,74650,1954705.75,8.15,11.37
Kota Magelang,2018,0.02,9.59,6726,78.31,14,67295,1580000,4.78,10.31
Kota Magelang,2019,,9.1,7603,78.8,13,72447,1707000,4.37,10.33
Kota Magelang,2020,0.02,9.27,7567,78.99,13,71702,1853000,8.59,10.39
Kota Magelang,2021,0.02,9.44,7572.23,79.43,15,75477,1914000,8.73,10.62
Kota Malang,2018,0.09,35.49,5961,80.89,16,78161,2470073.29,6.65,10.16
Kota Malang,2019,0.15,35.39,5993,81.32,17,83528,2668420.18,5.88,10.17
Kota Malang,2020,0.04,38.77,5808,81.45,17,85540,2895502.73,9.61,10.18
Kota Malang,2021,0.06,40.62,5816,82.04,16,90679,2970502.73,9.65,10.41
Kota Mojokerto,2018,,7.04,7772,77.14,16,49370,1886387.56,2.44,9.99
Kota Mojokerto,2019,0.18,6.63,7833,77.96,16,52536,2263665.07,2.63,10.24
Kota Mojokerto,2020,,8.09,6553,78.04,16,49840,2456302.97,6.74,10.25
Kota Mojokerto,2021,,8.37,6594,78.43,16,52041,2481302.97,6.87,10.47
Kota Pasuruan,2018,0.1,13.45,5639,74.78,16,38714,2067612.56,4.5,9.1
Kota Pasuruan,2019,0.14,12.92,5679,75.25,16,41325,2575616.61,4.89,9.11
Kota Pasuruan,2020,0.12,13.4,5894,75.26,16,38774,2794801.59,6.33,9.12
Kota Pasuruan,2021,0.05,13.97,5937,75.62,17,40525,2819801.59,6.23,9.33
Kota Pekalongan,2018,0.05,20.52,6772,74.24,16,33136,1765178.63,6.08,8.57
Kota Pekalongan,2019,0.19,20.21,6787,74.77,15,35593,1906922.47,5.8,8.71
Kota Pekalongan,2020,,22.16,6788,74.98,14,35261,2072000,7.02,8.96
Kota Pekalongan,2021,,23.49,6813.48,75.4,15,37068,2139754,6.89,9.18
Kota Probolinggo,2018,0.13,16.9,4147,72.53,15,44732,1886387.56,3.56,8.49
Kota Probolinggo,2019,0.34,16.37,4186,73.27,16,47804,2137864.48,4.25,8.69
Kota Probolinggo,2020,,17.72,4229,73.27,15,46302,2319796.75,6.7,8.7
Kota Probolinggo,2021,0.54,17.91,4256,73.66,19,48507,2350000.00,6.55,8.95
Kota Salatiga,2018,,9.24,3617,82.41,16,64410,1735930.06,4.23,10.4
Kota Salatiga,2019,0.05,9.21,3384,83.12,17,68886,1875325.24,4.33,10.41
Kota Salatiga,2020,0.07,9.69,3353,83.14,15,69142,2034915.42,7.44,10.42
Kota Salatiga,2021,0.02,10.14,3373.87,83.6,16,72376,2101457,7.26,10.66
Kota Semarang,2018,0.01,73.65,4780,82.72,17,98103,2310087.5,5.21,10.51
Kota Semarang,2019,0.09,71.97,4853,83.19,16,105935,2498587.53,4.5,10.52
Kota Semarang,2020,0.02,79.58,4424,83.05,15,114205,2715000,9.57,10.53
Kota Semarang,2021,0.01,84.45,4431.92,83.55,16,123983,2810025,9.54,10.78
Kota Serang,2018,0.05,36.21,2541,71.68,18,42757,3116276,8.1,8.62
Kota Serang,2019,0.57,36.21,2582,72.1,18,45977,3366512,8.07,8.67
Kota Serang,2020,0.11,42.24,2595,72.16,18,45847,3773940,9.26,8.76
Kota Serang,2021,0.22,47.91,2642,72.44,18,47327,3830549,9.41,8.89
Kota Sukabumi,2018,0.08,23.2,6762,73.55,17,35163,2158430.53,8.57,9.53
Kota Sukabumi,2019,0.39,21.9,6812,74.31,13,37928,2331752.5,8.49,9.58
Kota Sukabumi,2020,0.45,25.4,7178,74.21,17,35926,2530182.63,12.17,9.59
Kota Sukabumi,2021,0.11,27.2,7271,74.6,18,37209,2530182.63,10.78,9.81
Kota Surabaya,2018,0.03,140.81,8233,81.74,18,186739,3583312.61,6.01,10.46
Kota Surabaya,2019,0.18,130.55,8262,82.22,19,200359,3871052.61,5.76,10.47
Kota Surabaya,2020,0.05,145.67,8200,82.23,17,193010,4200479.19,9.79,10.49
Kota Surabaya,2021,0.06,152.49,8217,82.31,17,204920,4300479.19,9.68,10.5
Kota Surakarta,2018,0.02,46.99,11762,81.46,15,85791,1668700,4.35,10.53
Kota Surakarta,2019,0.1,45.18,11293,81.86,15,92835,1802700,4.16,10.54
Kota Surakarta,2020,0.02,47.03,11353,82.21,15,91171,1956200,7.92,10.69
Kota Surakarta,2021,,48.79,11361.18,82.62,16,96363,2013810,7.85,10.9
Kota Tangerang,2018,0.07,103.49,14197,77.92,18,73839,3582077,7.39,10.51
Kota Tangerang,2019,0.1,98.37,14486,78.43,19,78047,3869717,7.14,10.65
Kota Tangerang,2020,0.03,118.22,12314,78.25,18,75897,4199029,8.63,10.69
Kota Tangerang,2021,0.03,134.24,12421,78.5,19,78628,4262015,9.07,10.83
Kota Tangerang Selatan,2018,0.03,28.21,11525,81.17,17,44239,3555835,4.67,11.78
Kota Tangerang Selatan,2019,0.11,29.16,11875,81.48,16,49345,3841368,4.78,11.8
Kota Tangerang Selatan,2020,0.03,40.99,9201,81.36,15,60996,4168268,8.48,11.81
Kota Tangerang Selatan,2021,0.01,44.57,9278,81.6,17,64337,4230793,8.6,11.82
Kota Tasikmalaya,2018,0.01,84.2,3862,72.03,17,30145,1931435.35,6.89,9.04
Kota Tasikmalaya,2019,0.03,77,3866,72.84,15,32213,2086529.61,6.78,9.13
Kota Tasikmalaya,2020,0.01,86.1,4173,73.04,18,30223,2264093.28,7.99,9.33
Kota Tasikmalaya,2021,0.02,89.5,4218,73.31,18,31558,2264093.28,7.66,9.52
Kota Tegal,2018,0.02,19.44,7220,74.44,15,56644,1630500,7.81,8.3
Kota Tegal,2019,1.19,18.64,6298,74.93,17,61475,1762000,8.08,8.31
Kota Tegal,2020,0.05,19.55,6901,75.07,15,55724,1925000,8.4,8.51
Kota Tegal,2021,0.02,20.27,6950.13,75.52,17,58079,1982750,8.25,8.73
Kota Yogyakarta,2018,0.02,29.75,13154,86.11,14,79035.65,1709150,6.22,11.44
Kota Yogyakarta,2019,0.07,29.45,13290,86.65,13,84227,1848400,4.8,11.45
Kota Yogyakarta,2020,,31.62,11495,86.61,13,95681,2004000,9.16,11.46
Kota Yogyakarta,2021,0.01,34.07,11579,87.18,14,102084,2069530,9.13,11.72
Kudus,2018,0.06,59.99,2026,74.58,18,120795,1892500,3.28,8.62
Kudus,2019,0.09,58,2049,74.94,19,127521,2044467.75,3.8,8.63
Kudus,2020,0.01,64.24,1997,75,17,129130,2218451.95,5.53,8.75
Kudus,2021,0.05,67.06,2005.04,75.16,18,126947,2290995,3.77,8.76
Kulonprogo,2018,,77.72,726,73.76,12,24221.56,1493250,1.49,8.65
Kulonprogo,2019,0.15,74.62,734,74.44,11,27764,1613200,1.8,8.66
Kulonprogo,2020,0.04,78.06,744,74.46,11,26772,1750500,3.71,8.86
Kulonprogo,2021,0.04,81.14,756,74.71,13,28070,1770000,3.69,9.02
Kuningan,2018,0.11,131.2,968,68.55,19,21186,1606030.12,9.1,7.36
Kuningan,2019,0.24,123.2,973,69.12,15,23152,1734994.34,9.68,7.38
Kuningan,2020,0.86,139.2,1051,69.38,18,21996,1882642.36,11.22,7.57
Kuningan,2021,,143.4,1063,69.71,19,22805,1882642.36,11.68,7.8
Lamongan,2018,0.33,164,667,71.97,14,31309,1851083.98,3.1,7.83
Lamongan,2019,0.35,157.11,667,72.57,14,33109,2233641.85,3.89,7.89
Lamongan,2020,0.09,164.68,754,72.58,14,29221,2423724.77,5.13,7.92
Lamongan,2021,0.09,166.82,761,73.12,13,30267,2488724.77,4.9,8.04
Lumajang,2018,0.09,103.69,581,64.83,17,29516,1691041.12,2.46,6.21
Lumajang,2019,0.44,98.88,582,65.33,17,31293,1826831.72,2.73,6.22
Lumajang,2020,0.09,102.6,625,65.46,17,28707,1982295.10,3.36,6.4
Lumajang,2021,0.07,105.25,629,66.07,17,29881,1982295.10,3.51,6.67
Madiun,2018,,77.75,656,71.01,16,25882,1576892.91,3.71,7.57
Madiun,2019,0.22,71.91,658,71.69,16,27724,1763267.65,3.52,7.8
Madiun,2020,0.03,78.3,717,71.73,16,25475,1913321.73,4.8,7.81
Madiun,2021,0.06,81.61,723,71.88,17,26342,1951588.16,4.99,7.82
Magelang,2018,0.07,143.44,1179,69.11,18,23710,1742000,2.89,7.57
Magelang,2019,0.49,137.45,1170,69.87,17,25297,1882000,3.07,7.77
Magelang,2020,0.07,146.34,1179,69.87,16,25006,2042200,4.27,7.78
Magelang,2021,0.09,154.91,1183.68,70.12,17,26178,2075000,5.03,7.79
Magetan,2018,0.08,64.86,913,72.91,15,28022,1509816.12,3.82,7.95
Magetan,2019,0.16,60.43,913,73.49,15,29746,1763267.65,2.98,7.96
Magetan,2020,0.1,65.09,974,73.92,15,28024,1913321.73,3.74,8.24
Magetan,2021,0.07,67.75,979,74.15,16,29056,1938321.73,3.86,8.36
Majalengka,2018,0.03,129.3,996,66.72,19,23429,1658514.54,5,6.91
Majalengka,2019,0.1,121.1,1001,67.52,17,25812,1791693.26,4.37,7.09
Majalengka,2020,0.08,138.2,1084,67.59,18,24726,1944166.36,5.84,7.27
Majalengka,2021,0.02,151.1,1095,67.81,20,25964,2009000,5.71,7.31
Malang,2018,0.25,268.49,734,69.4,18,37359,2574807.22,3.15,7.18
Malang,2019,0.57,246.6,738,70.35,19,39780,2781564.24,3.7,7.27
Malang,2020,0.12,265.56,752,70.36,17,38495,3018275.36,5.49,7.42
Malang,2021,0.08,276.58,756,70.6,17,40114,3068275.36,5.4,7.43
Mojokerto,2018,0.37,111.55,1545,72.64,16,69159,3565660.82,4.21,8.18
Mojokerto,2019,0.2,108.81,1557,73.53,17,73651,3851983.38,3.61,8.49
Mojokerto,2020,0.3,118.8,1559,73.83,17,73335,4179787.17,5.75,8.51
Mojokerto,2021,0.21,120.54,1568,74.15,17,77530,4279787.17,5.54,8.64
Nganjuk,2018,0.28,127.28,859,71.23,17,23560,1660444.69,2.6,7.61
Nganjuk,2019,0.06,118.51,861,71.71,17,25269,1801406.09,3.16,7.63
Nganjuk,2020,0.06,122.73,902,71.72,17,24134,1954705.75,4.8,7.64
Nganjuk,2021,0.02,125.53,906,71.97,17,25280,1954705.75,4.98,7.78
Ngawi,2018,0.18,123.09,640,69.91,19,23058,1569832.19,3.75,6.88
Ngawi,2019,0.44,119.43,641,70.41,19,24408,1763267.65,3.6,6.98
Ngawi,2020,0.01,128.19,671,70.54,17,23323,1913321.73,5.44,7.06
Ngawi,2021,0.2,130.81,674,71.04,16,23833,1960510.00,4.25,7.26
Pacitan,2018,,78.64,399,67.33,14,27000,1509816.12,1.39,7.19
Pacitan,2019,0.1,75.86,400,68.16,14,28734,1763267.65,0.91,7.28
Pacitan,2020,0.07,80.82,422,68.39,13,26972,1913321.73,2.28,7.6
Pacitan,2021,,84.19,424,68.57,13,27807,1961154.77,2.04,7.61
Pamekasan,2018,0.68,125.76,1099,65.41,14,18259,1588660.76,2.88,6.35
Pamekasan,2019,0.61,122.43,1111,65.94,13,19331,1763267.65,2.26,6.4
Pamekasan,2020,0.42,129.41,1073,66.26,12,19779,1913321.73,3.49,6.69
Pamekasan,2021,0.32,137.12,1077,66.4,12,20690,1938321.73,3.1,6.7
Pangandaran,2018,0.03,32.2,393,67.44,17,26064,1558793.94,3.59,7.58
Pangandaran,2019,0.14,30.7,395,68.21,14,28206,1714673.33,4.52,7.67
Pangandaran,2020,0.05,36.1,419,68.06,18,27195,1860591.33,5.08,7.74
Pangandaran,2021,,39.1,423,68.28,18,28366,1860591.33,3.25,7.85
Pasuruan,2018,0.2,152.48,1097,67.41,17,84045,3574486.72,5.94,6.83
Pasuruan,2019,0.15,141.09,1104,68.29,18,89581,3861518,5.22,7.11
Pasuruan,2020,0.04,151.43,1090,68.6,17,90747,4190133.19,6.24,7.4
Pasuruan,2021,0.1,159.78,1093,68.93,17,97500,4290133.19,6.03,7.41
Pati,2018,0.2,123.94,840,70.71,18,31837,1585000,3.57,7.18
Pati,2019,0.46,118.98,846,71.35,18,34340,1742000,3.64,7.19
Pati,2020,0.08,127.37,889,71.77,15,32741,1891000,4.74,7.44
Pati,2021,,128.74,893.76,72.28,16,34238,1953000,4.6,7.48
Pekalongan,2018,0.22,89.54,1067,68.97,18,23898,1721637.55,4.36,6.74
Pekalongan,2019,0.2,87.01,1073,69.71,17,25588,1859885.05,4.35,6.88
Pekalongan,2020,0.08,91.86,1157,69.63,15,23596,2018161.27,6.97,6.91
Pekalongan,2021,0.15,95.26,1166.67,70.11,17,24609,2084155,4.28,7.17
Pemalang,2018,0.04,208.34,1284,65.67,18,18212,1588000,6.17,6.32
Pemalang,2019,0.38,200.67,1165,66.32,17,19655,1718000,6.45,6.41
Pemalang,2020,0.02,209.03,1316,66.32,15,17596,1865000,7.64,6.42
Pemalang,2021,0.02,215.08,1327.52,66.56,17,18493,1926000,6.71,6.45
Ponorogo,2018,0.08,90.22,667,69.91,15,22021,1509816.12,3.77,7.17
Ponorogo,2019,0.4,83.97,667,70.56,15,23423,1763267.65,3.5,7.21
Ponorogo,2020,0.21,86.74,727,70.81,15,21654,1913321.73,4.45,7.54
Ponorogo,2021,0.08,89.94,732,71.06,14,22336,1938321.73,4.38,7.55
Probolinggo,2018,1.15,217.06,685,64.85,16,27547,2042900.06,4,5.71
Probolinggo,2019,1.44,207.22,689,65.6,17,29094,2306944.93,3.77,5.77
Probolinggo,2020,0.12,218.35,679,66.07,16,29280,2503265.95,4.86,6.11
Probolinggo,2021,0.26,223.32,681,66.26,16,30803,2553265.95,4.55,6.12
Purbalingga,2018,0.02,144.16,1190,68.41,18,25065,1655200,6.02,7
Purbalingga,2019,0.34,140.07,1378,68.99,19,26810,1788500,4.73,7.14
Purbalingga,2020,0.03,149.48,1474,68.97,17,25204,1940800,6.1,7.24
Purbalingga,2021,0.05,153.08,1487.41,69.15,19,26190,1988000,6.05,7.25
Purwakarta,2018,0.29,75.9,1155,69.98,22,66201,3445616.9,9.94,7.75
Purwakarta,2019,0.23,71.9,1166,70.67,19,71580,3722299.94,9.73,7.92
Purwakarta,2020,0.04,80.2,1208,70.82,21,67430,4039067.66,11.07,8.09
Purwakarta,2021,0.02,84.3,1225,70.98,23,69985,4173568.61,10.7,8.1
Purworejo,2018,0.02,83.55,692,71.87,14,24296,1573000,4.43,7.7
Purworejo,2019,0.07,82.17,658,72.5,14,26101,1700000,2.91,7.91
Purworejo,2020,,84.79,705,72.68,14,24255,1845000,4.04,8.12
Purworejo,2021,0.04,88.80,708.74,72.98,15,25357,1905400,3.59,8.21
Rembang,2018,0.04,97.44,625,69.46,18,27921,1535000,2.83,6.95
Rembang,2019,0.25,95.26,719,70.15,18,29819,1660000,3.6,7.15
Rembang,2020,0.04,100.08,727,70.02,16,29387,1802000,4.83,7.16
Rembang,2021,0.04,101.40,730.18,70.43,17,30985,1861000,3.67,7.3
Sampang,2018,3,204.82,786,61,14,19726,1632201.84,2.38,4.36
Sampang,2019,1.86,202.21,794,61.94,14,20191,1763267.65,2.71,4.55
Sampang,2020,0.31,224.74,786,62.7,13,20503,1913321.73,3.35,4.85
Sampang,2021,1.19,237.23,792,62.8,13,21097,1913321.73,3.45,4.86
Semarang,2018,,75.67,1099,73.61,18,44385,1900000,2.25,7.88
Semarang,2019,0.1,73.9,1109,74.14,18,47302,2055000,2.54,8.01
Semarang,2020,,79.88,1108,74.1,16,46666,2229880.5,4.57,8.02
Semarang,2021,0.04,83.61,1115.38,74.24,19,48880,2302798,5.02,8.03
Sidoarjo,2018,0.03,125.75,3495,79.5,20,85373,3577428.68,4.62,10.24
Sidoarjo,2019,0.05,119.29,3546,80.05,21,90618,3864696.2,4.62,10.25
Sidoarjo,2020,0.02,127.05,3283,80.29,20,94818,4193581.85,10.97,10.5
Sidoarjo,2021,0.01,137.15,3298,80.65,19,100694,4293581.85,10.87,10.72
Situbondo,2018,0.11,80.27,407,66.42,19,27733,1616903.62,1.85,6.11
Situbondo,2019,0.85,76.44,409,67.09,19,29578,1763267.65,2.77,6.12
Situbondo,2020,0.04,83.74,411,67.38,18,29244,1913321.73,3.85,6.46
Situbondo,2021,0.16,86.95,412,67.78,19,30800,1938321.73,3.68,6.62
Sleman,2018,0.14,92.04,2099,83.42,14,36279.55,1574550,4.4,10.66
Sleman,2019,0.07,90.17,2122,83.85,13,38553,1701000,3.93,10.67
Sleman,2020,,99.78,1959,83.84,12,40719,1846000,5.09,10.91
Sleman,2021,0.01,108.93,1977,84,14,43556,1903500,5.17,10.92
Sragen,2018,,116.37,938,72.96,16,39532,1546492.72,4.83,7.22
Sragen,2019,0.11,113.83,946,73.43,17,42695,1673500,3.32,7.34
Sragen,2020,0.02,119.38,1038,73.95,15,38827,1815914.85,4.75,7.65
Sragen,2021,0.02,122.91,1044.72,74.08,16,40754,1829500,4.76,7.66
Subang,2018,0.08,136.6,834,68.31,20,23762,2529759.97,8.71,6.84
Subang,2019,0.15,129.2,843,68.69,17,25983,2732899.7,8.68,6.85
Subang,2020,0.21,149.8,842,68.95,19,25208,2965468,9.48,7.1
Subang,2021,0.03,159,849,69.13,20,26348,3064218.08,9.77,7.11
Sukabumi,2018,0.29,166.3,594,66.05,21,25040,2583556.63,7.84,6.8
Sukabumi,2019,0.25,153.3,595,66.87,21,26968,2791016.23,8.05,7.02
Sukabumi,2020,0.23,175.1,657,66.88,21,24838,3028531.71,9.6,7.07
Sukabumi,2021,0.08,194.4,666,67.07,23,25615,3125444.72,9.51,7.1
Sukoharjo,2018,0.13,65.43,1897,76.07,16,38648,1648000,2.72,8.84
Sukoharjo,2019,0.54,63.55,1824,76.84,16,41630,1783500,3.39,9.1
Sukoharjo,2020,0.06,68.89,1856,76.98,16,40700,1938000,6.93,9.34
Sukoharjo,2021,0.01,73.84,1863.76,77.13,17,42771,1986450,3.32,9.35
Sumedang,2018,0.03,112.1,757,70.99,18,28292,2678028.99,7.54,8.17
Sumedang,2019,0.19,104.2,759,71.46,15,30341,2893074.72,7.7,8.27
Sumedang,2020,0.06,118.4,759,71.64,18,30821,3139275.37,9.89,8.51
Sumedang,2021,,126.3,764,71.8,19,32130,3241929.67,9.18,8.52
Sumenep,2018,0.81,218.6,543,65.25,14,30135,1645146.48,1.75,5.23
Sumenep,2019,1.22,211.98,545,66.22,13,30569,1801406.09,2.08,5.46
Sumenep,2020,0.5,220.23,563,66.43,13,29166,1954705.75,2.84,5.71
Sumenep,2021,0.85,224.73,565,67.04,13,31145,1954705.75,2.31,5.92
Tasikmalaya,2018,0.31,172.4,686,65,16,19428,1920937.99,6.92,7.13
Tasikmalaya,2019,0.4,159.9,688,65.64,15,20925,2075189.31,6.31,7.17
Tasikmalaya,2020,0.35,181.5,731,65.67,16,20120,2251787.92,7.12,7.35
Tasikmalaya,2021,0.18,200.6,738,65.9,18,20855,2251787.92,6.16,7.48
Tegal,2018,0.11,114.06,1634,67.33,19,22801,1617000,8.24,6.7
Tegal,2019,0.71,109.94,1644,68.24,19,24568,1747000,8.12,6.86
Tegal,2020,0.09,117.50,1823,68.39,16,22154,1896000,9.82,6.98
Tegal,2021,0.04,123.52,1836.1,68.79,18,23210,1958000,9.97,6.99
Temanggung,2018,0.19,75.39,880,68.83,17,26423,1557000,3.23,6.94
Temanggung,2019,0.3,72.57,922,69.56,18,28174,1682027.1,2.98,7.15
Temanggung,2020,0.09,77.33,943,69.57,16,27326,1825200,3.85,7.24
Temanggung,2021,0.01,79.09,948.3,69.88,18,28484,1885000,2.62,7.25
Trenggalek,2018,0.13,83.5,606,68.71,16,24974,1509816.12,4.12,7.27
Trenggalek,2019,0.28,76.44,607,69.46,17,26634,1763267.65,3.36,7.28
Trenggalek,2020,0.05,81.06,637,69.74,16,25087,1913321.73,4.11,7.55
Trenggalek,2021,0.07,84.89,641,70.06,17,26124,1938321.73,3.53,7.56
Tuban,2018,0.08,178.64,637,67.43,15,51990,2067612.56,2.76,6.52
Tuban,2019,0.31,170.8,639,68.37,15,55401,2333641.85,2.7,6.81
Tuban,2020,0.03,187.13,653,68.4,15,52085,2532234.77,4.81,6.95
Tuban,2021,0.02,192.58,656,68.91,15,54775,2532234.77,4.68,7.18
Tulungagung,2018,0.04,75.23,980,71.99,16,35252,1671035.77,2.53,8.06
Tulungagung,2019,0.15,70.01,984,72.62,17,37725,1805219.94,3.29,8.07
Tulungagung,2020,0.01,76.4,1032,73,16,35143,1958844.16,4.61,8.33
Tulungagung,2021,0.01,78.59,1039,73.15,17,36629,2010000.00,4.91,8.34
Wonogiri,2018,0.07,102.84,525,69.37,14,28353,1542000,2.28,6.88
Wonogiri,2019,0.65,98.28,535,69.98,15,30425,1655000,2.55,7.04
Wonogiri,2020,0.01,104.37,582,70.25,14,28009,1797000,4.27,7.33
Wonogiri,2021,0.02,110.46,585,70.49,16,29144,1827000,2.43,7.34
Wonosobo,2018,0.22,138.32,800,67.81,17,22217,1585000,3.5,6.75
Wonosobo,2019,0.17,131.35,805,68.27,17,23907,1712500,3.43,6.76
Wonosobo,2020,0.01,137.64,896,68.22,16,21487,1859000,5.37,6.81
Wonosobo,2021,0.06,139.67,903.41,68.43,18,22396,1920000,5.26,6.82
